Furniture,Office Supplies,Technology
12691.392668260967,14646.724651360122,14033.343185193813
6772.162417103147,12434.656284046672,10437.9867839124
17201.015648548375,19698.155526778068,42639.488041344324
