Month,SARIMA,Prophet,XGBoost
Month 1,46782.47918376823,42990.53219389965,49222.57
Month 2,40285.47052821378,31248.159913476116,37059.918
Month 3,72234.20323070344,81267.00776333525,60695.332
