East,West,South,Central
9713.411357362076,14048.800867224014,6931.217526120772,10681.561632902
8120.218592292,11840.3731458302,1448.6683930837244,8257.589898500008
15639.421337058691,25805.33637966834,21981.30952915983,16087.015343264411
